{
  "id": "046622f0-77b7-4f4e-9b75-cd25ff9196ac",
  "objects": [
    {
      "object_id": "2f442518-94b2-4dac-87ae-09a17c1d5d59",
      "class_id": 1,
      "class_name": "Dino",
      "confidence": 0.9384765625,
      "x": 0.8231760386836646,
      "y": 0.2681427282048815,
      "z": -0.07073112662488804,
      "camera_x": -0.08744547581225731,
      "camera_y": 0.11091269999262039,
      "camera_z": 0.751,
      "yaw": 1.480735878402452,
      "image_yaw": 1.5707963267948966,
      "robot_pickable": true
    },
    {
      "object_id": "f6d1d526-6ce1-48db-aa35-b780304d6079",
      "class_id": 0,
      "class_name": "Bootje",
      "confidence": 0.71435546875,
      "x": 0.9098537425742764,
      "y": 0.6035920425482382,
      "z": -0.12219629114606215,
      "camera_x": -0.18268777808958175,
      "camera_y": -0.22603808849329918,
      "camera_z": 0.76,
      "yaw": 1.522929553510082,
      "image_yaw": -1.507324977026302,
      "robot_pickable": true
    },
    {
      "object_id": "bc81cd81-fa22-47b2-bea2-61881f05ed68",
      "class_id": 3,
      "class_name": "Smiley",
      "confidence": 0.488525390625,
      "x": 0.5802157801554919,
      "y": 0.6572750786929851,
      "z": 0.16978485988873646,
      "camera_x": 0.25456806366207213,
      "camera_y": -0.2721073412654526,
      "camera_z": 0.819,
      "yaw": -0.1865443603392518,
      "image_yaw": -0.12096669320180949,
      "robot_pickable": true
    }
  ]
}