{
  "id": "1de4646f-88c4-44ce-9a97-7f4bd15a81aa",
  "objects": [
    {
      "object_id": "75dbcf9c-f084-40be-91c3-90bb0dbc285f",
      "class_id": 1,
      "class_name": "Dino",
      "confidence": 0.94140625,
      "x": 0.8232788772068486,
      "y": 0.26810725474029923,
      "z": -0.07066366710392355,
      "camera_x": -0.08744547581225731,
      "camera_y": 0.11091269999262039,
      "camera_z": 0.751,
      "yaw": 1.4803663739209136,
      "image_yaw": 1.5707963267948966,
      "robot_pickable": true
    },
    {
      "object_id": "5cce79cf-d997-48a0-b0b4-24a6eefee069",
      "class_id": 0,
      "class_name": "Bootje",
      "confidence": 0.849609375,
      "x": 0.9100674964766011,
      "y": 0.6035276800045674,
      "z": -0.12213019880322848,
      "camera_x": -0.18268777808958175,
      "camera_y": -0.22603808849329918,
      "camera_z": 0.76,
      "yaw": 1.507393210215759,
      "image_yaw": -1.5300609917130996,
      "robot_pickable": true
    },
    {
      "object_id": "b2274d11-5cb8-4d00-9606-ab65e5692bf9",
      "class_id": 3,
      "class_name": "Smiley",
      "confidence": 0.486328125,
      "x": 0.5804976993022641,
      "y": 0.6573167086032086,
      "z": 0.16990838835575076,
      "camera_x": 0.25456806366207213,
      "camera_y": -0.2721073412654526,
      "camera_z": 0.819,
      "yaw": -0.8304185848253858,
      "image_yaw": -0.5845706854864224,
      "robot_pickable": true
    }
  ]
}