{
  "id": "24db9dfe-1af4-4325-8ff6-ad0164fc6f51",
  "objects": [
    {
      "object_id": "ce5faff2-6d49-491c-ab22-628cf4a72004",
      "class_id": 1,
      "class_name": "Dino",
      "confidence": 0.9326171875,
      "x": 0.8213244341305687,
      "y": 0.2646966462308786,
      "z": 0.19945172268551084,
      "camera_x": -0.08243667107299008,
      "camera_y": 0.11402984378670916,
      "camera_z": 0.75,
      "yaw": 1.4806241152169917,
      "image_yaw": 1.5707963267948966,
      "robot_pickable": true
    },
    {
      "object_id": "ba527572-ab56-49cf-8ff0-b87c2b93c87d",
      "class_id": 0,
      "class_name": "Bootje",
      "confidence": 0.56689453125,
      "x": 0.9161747247264603,
      "y": 0.614551311000911,
      "z": 0.2638414258002666,
      "camera_x": -0.19145294186619266,
      "camera_y": -0.23741339580828766,
      "camera_z": 0.762,
      "yaw": -0.7066883829016604,
      "image_yaw": -0.4814900012068675,
      "robot_pickable": true
    },
    {
      "object_id": "026a9d7b-90c9-43e5-9a47-c22324f0e9ce",
      "class_id": 3,
      "class_name": "Smiley",
      "confidence": 0.482177734375,
      "x": 0.5833034370423956,
      "y": 0.6572734268817988,
      "z": -0.036050407059725814,
      "camera_x": 0.2539464078289535,
      "camera_y": -0.27144285447359556,
      "camera_z": 0.817,
      "yaw": -0.9310284507129052,
      "image_yaw": -0.6703888055551146,
      "robot_pickable": true
    }
  ]
}