{
  "id": "2ed4276c-ad2b-478c-bc0e-adb2f615c7f8",
  "objects": [
    {
      "object_id": "bcc4abf2-e639-4e19-9c33-1061d69c67c0",
      "class_id": 1,
      "class_name": "Dino",
      "confidence": 0.93115234375,
      "x": 0.8214876775697153,
      "y": 0.2646524141018435,
      "z": 0.1993222792983245,
      "camera_x": -0.08243667107299008,
      "camera_y": 0.11402984378670916,
      "camera_z": 0.75,
      "yaw": 1.480596114587508,
      "image_yaw": 1.5707963267948966,
      "robot_pickable": true
    },
    {
      "object_id": "516727a9-2919-4a67-9067-2ce32a1e9567",
      "class_id": 3,
      "class_name": "Smiley",
      "confidence": 0.50390625,
      "x": 0.5834560607836027,
      "y": 0.6572952686896506,
      "z": -0.03605893283841019,
      "camera_x": 0.2539464078289535,
      "camera_y": -0.27144285447359556,
      "camera_z": 0.817,
      "yaw": -0.9876916555521142,
      "image_yaw": -0.7232475038363958,
      "robot_pickable": true
    },
    {
      "object_id": "1474f130-11f4-453e-83a5-64a1f7341bcb",
      "class_id": 0,
      "class_name": "Bootje",
      "confidence": 0.43310546875,
      "x": 0.9163578970401085,
      "y": 0.6144878915720339,
      "z": 0.263786828591145,
      "camera_x": -0.19145294186619266,
      "camera_y": -0.23741339580828766,
      "camera_z": 0.762,
      "yaw": -0.5217991698292122,
      "image_yaw": -0.3440541763106408,
      "robot_pickable": true
    },
    {
      "object_id": "4034e979-5abb-4b6e-94c1-0e305e23500b",
      "class_id": 0,
      "class_name": "Bootje",
      "confidence": 0.030303955078125,
      "x": 0.5641664065022738,
      "y": 0.9012443760575899,
      "z": 0.8471428615540953,
      "camera_x": -0.3933849719996849,
      "camera_y": -0.4489668023093734,
      "camera_z": 1.441,
      "yaw": -1.5371886564267232,
      "image_yaw": -1.38661957801166,
      "robot_pickable": true
    }
  ]
}