{
  "id": "459b660f-7816-4595-b53e-6556a3636d85",
  "objects": [
    {
      "object_id": "90e4c2fe-c6be-4ca9-ab06-86ff8574214d",
      "class_id": 1,
      "class_name": "Dino",
      "confidence": 0.93115234375,
      "x": 0.8216362359288851,
      "y": 0.2646257088296778,
      "z": 0.19921708839457666,
      "camera_x": -0.08243667107299008,
      "camera_y": 0.11402984378670916,
      "camera_z": 0.75,
      "yaw": 1.4806200822520472,
      "image_yaw": 1.5707963267948966,
      "robot_pickable": true
    },
    {
      "object_id": "de022440-6734-4119-aea0-cd7c81bc4744",
      "class_id": 3,
      "class_name": "Smiley",
      "confidence": 0.4375,
      "x": 0.5817035704373567,
      "y": 0.6582010863513481,
      "z": -0.03523089123557896,
      "camera_x": 0.25456806366207213,
      "camera_y": -0.2721073412654526,
      "camera_z": 0.819,
      "yaw": -0.8510066812979056,
      "image_yaw": -0.5994957311204813,
      "robot_pickable": true
    },
    {
      "object_id": "a206f538-7958-48ab-a1c6-cfb0210bed5b",
      "class_id": 0,
      "class_name": "Bootje",
      "confidence": 0.39208984375,
      "x": 0.9181668394433153,
      "y": 0.6136004582609611,
      "z": 0.2626872230711047,
      "camera_x": -0.19177670696812457,
      "camera_y": -0.23679026353582497,
      "camera_z": 0.76,
      "yaw": -0.7215886788602295,
      "image_yaw": -0.4930881840831447,
      "robot_pickable": true
    }
  ]
}