{
  "id": "517910c1-11d0-4c13-80cb-a9f80d02488e",
  "objects": [
    {
      "object_id": "dc4dd5f9-85e8-415d-bf70-7e4548f68211",
      "class_id": 1,
      "class_name": "Dino",
      "confidence": 0.9384765625,
      "x": 0.8246036560061806,
      "y": 0.2681377971350407,
      "z": -0.06943269793724136,
      "camera_x": -0.08732903709612914,
      "camera_y": 0.11076501330820944,
      "camera_z": 0.75,
      "yaw": 1.481286841060935,
      "image_yaw": 1.5707963267948966,
      "robot_pickable": true
    },
    {
      "object_id": "7c4242a6-4352-4c4f-bf14-1f5236aa1898",
      "class_id": 0,
      "class_name": "Bootje",
      "confidence": 0.81787109375,
      "x": 0.9106656824320933,
      "y": 0.605239263976267,
      "z": -0.12141875639923091,
      "camera_x": -0.18268777808958175,
      "camera_y": -0.2276922692690724,
      "camera_z": 0.76,
      "yaw": 1.5219029029888391,
      "image_yaw": -1.5097763459275109,
      "robot_pickable": true
    },
    {
      "object_id": "3043f6d7-7551-4293-ac9f-226cded2e439",
      "class_id": 3,
      "class_name": "Smiley",
      "confidence": 0.484375,
      "x": 0.5804776081549844,
      "y": 0.6571322467463657,
      "z": 0.170007604300668,
      "camera_x": 0.25456806366207213,
      "camera_y": -0.2721073412654526,
      "camera_z": 0.819,
      "yaw": -0.7840342144432468,
      "image_yaw": -0.5474724616308378,
      "robot_pickable": true
    }
  ]
}