{
  "id": "55376fc2-4261-4671-aa88-58ed2a7c4331",
  "objects": [
    {
      "object_id": "a5919c03-b470-4529-99f3-a8387f43754b",
      "class_id": 1,
      "class_name": "Dino",
      "confidence": 0.9326171875,
      "x": 0.8209672841627039,
      "y": 0.26461636837230706,
      "z": 0.1999544642227555,
      "camera_x": -0.08254658663442072,
      "camera_y": 0.11418188357842479,
      "camera_z": 0.751,
      "yaw": 1.480706062914845,
      "image_yaw": 1.5707963267948966,
      "robot_pickable": true
    },
    {
      "object_id": "eadad8ae-31b0-4281-9896-cfa140edfc44",
      "class_id": 0,
      "class_name": "Bootje",
      "confidence": 0.6826171875,
      "x": 0.9222431480446295,
      "y": 0.6173316069086889,
      "z": 0.271142724103116,
      "camera_x": -0.2008289986754487,
      "camera_y": -0.2402160275996143,
      "camera_z": 0.763,
      "yaw": -1.5051841489041868,
      "image_yaw": -1.3406846291851462,
      "robot_pickable": true
    },
    {
      "object_id": "943dfed6-39dc-4c11-bab9-09a1d8fe2c1e",
      "class_id": 3,
      "class_name": "Smiley",
      "confidence": 0.498046875,
      "x": 0.5816509214181902,
      "y": 0.6581944586008255,
      "z": -0.0352340093252034,
      "camera_x": 0.25456806366207213,
      "camera_y": -0.2721073412654526,
      "camera_z": 0.819,
      "yaw": -0.9341091264844512,
      "image_yaw": -0.6734053270565674,
      "robot_pickable": true
    },
    {
      "object_id": "82a23cf0-19b5-4154-8b10-bef768378675",
      "class_id": 0,
      "class_name": "Bootje",
      "confidence": 0.0190277099609375,
      "x": 0.9150507172891152,
      "y": 0.6103810916227248,
      "z": 0.26271816858586816,
      "camera_x": -0.1897960605730229,
      "camera_y": -0.233267061100593,
      "camera_z": 0.762,
      "yaw": 1.4934517765904831,
      "image_yaw": -1.5515541628328102,
      "robot_pickable": true
    }
  ]
}