{
  "id": "5beedb79-0cca-4ced-b317-6a6aa24841fd",
  "objects": [
    {
      "object_id": "05c7c751-0535-4acb-a129-9dfcd37da058",
      "class_id": 1,
      "class_name": "Dino",
      "confidence": 0.9326171875,
      "x": 0.8162059499870583,
      "y": 0.37619258282560036,
      "z": -0.029112891304745786,
      "camera_x": -0.049754469721949066,
      "camera_y": 0.002206454031562818,
      "camera_z": 0.749,
      "yaw": 1.4628652686204684,
      "image_yaw": -1.596674540311917,
      "robot_pickable": true
    },
    {
      "object_id": "9be78b38-ef8e-4351-9c5d-5d61f3ce047c",
      "class_id": 0,
      "class_name": "Bootje",
      "confidence": 0.927734375,
      "x": 0.842969225834546,
      "y": 0.6806924611141218,
      "z": -0.28792024186058207,
      "camera_x": -0.2615236512466582,
      "camera_y": -0.28429399495569346,
      "camera_z": 0.932,
      "yaw": 2.707128847102827,
      "image_yaw": -0.279647108957774,
      "robot_pickable": true
    },
    {
      "object_id": "77ce4fe0-b5d9-4e1a-94a3-dfac8f4f51ae",
      "class_id": 3,
      "class_name": "Smiley",
      "confidence": 0.405029296875,
      "x": 0.5915306064076485,
      "y": 0.6575097657643976,
      "z": 0.17612794196532514,
      "camera_x": 0.2539464078289535,
      "camera_y": -0.27144285447359556,
      "camera_z": 0.817,
      "yaw": -3.1230651251620274,
      "image_yaw": 0.017707981032668196,
      "robot_pickable": true
    },
    {
      "object_id": "1986a32c-cbe4-468c-b766-e53e199e8aa4",
      "class_id": 0,
      "class_name": "Bootje",
      "confidence": 0.03985595703125,
      "x": 0.8470840325878386,
      "y": 0.5728137943959241,
      "z": -0.3225890692847324,
      "camera_x": -0.29105147485313376,
      "camera_y": -0.17504302884763878,
      "camera_z": 0.939,
      "yaw": 1.3644331762231465,
      "image_yaw": -1.7482297028585043,
      "robot_pickable": true
    }
  ]
}