{
  "id": "7c6e9eb6-0f56-464a-b4b3-3c8444ab0e1a",
  "objects": [
    {
      "object_id": "6470689e-b9a8-41c4-b716-91a2909c1730",
      "class_id": 1,
      "class_name": "Dino",
      "confidence": 0.93017578125,
      "x": 0.8215441495428569,
      "y": 0.26467384344498585,
      "z": 0.19929009377244503,
      "camera_x": -0.08243667107299008,
      "camera_y": 0.11402984378670916,
      "camera_z": 0.75,
      "yaw": 1.4808290535422928,
      "image_yaw": 1.5707963267948966,
      "robot_pickable": true
    },
    {
      "object_id": "e7203b2e-c7d4-4f44-8735-dd09e75556f8",
      "class_id": 0,
      "class_name": "Bootje",
      "confidence": 0.6162109375,
      "x": 0.9163410619877528,
      "y": 0.6145321822232808,
      "z": 0.2637384151849521,
      "camera_x": -0.19145294186619266,
      "camera_y": -0.23741339580828766,
      "camera_z": 0.762,
      "yaw": -0.5141913128506403,
      "image_yaw": -0.3388667074912546,
      "robot_pickable": true
    },
    {
      "object_id": "b26cad83-f5cc-44dd-a8fb-f277a42e92fa",
      "class_id": 3,
      "class_name": "Smiley",
      "confidence": 0.5234375,
      "x": 0.5834019260146566,
      "y": 0.6572577273868165,
      "z": -0.036077602222190114,
      "camera_x": 0.2539464078289535,
      "camera_y": -0.27144285447359556,
      "camera_z": 0.817,
      "yaw": -0.6447931821330668,
      "image_yaw": -0.43415154266331735,
      "robot_pickable": true
    }
  ]
}