{
  "id": "84d482b6-c63e-4d55-99c3-988aa7a3eb48",
  "objects": [
    {
      "object_id": "cada9b73-f1aa-4876-a04f-b9cde37583ab",
      "class_id": 0,
      "class_name": "Bootje",
      "confidence": 0.93359375,
      "x": 0.7039730967053252,
      "y": 0.3869329473222475,
      "z": -0.10701284548447129,
      "camera_x": -0.029700599165524928,
      "camera_y": 0.08603622546325548,
      "camera_z": 0.731,
      "yaw": 1.3698507141946603,
      "image_yaw": -1.5688060451611163,
      "robot_pickable": false
    }
  ]
}