{
  "id": "8c7eb2c5-885c-4662-9a86-9c870c2ea978",
  "objects": [
    {
      "object_id": "daa5a874-780c-4bae-96bf-f4977c126254",
      "class_id": 1,
      "class_name": "Dino",
      "confidence": 0.93115234375,
      "x": 0.8209781466572109,
      "y": 0.26457592069294733,
      "z": 0.13313067997533595,
      "camera_x": -0.08254658663442072,
      "camera_y": 0.11418188357842479,
      "camera_z": 0.751,
      "yaw": 1.480520263281268,
      "image_yaw": 1.5707963267948966,
      "robot_pickable": true
    },
    {
      "object_id": "e4528327-a678-43e1-833e-432a3a548366",
      "class_id": 3,
      "class_name": "Smiley",
      "confidence": 0.505859375,
      "x": 0.5816806140363142,
      "y": 0.6582837100713456,
      "z": -0.10185978821292024,
      "camera_x": 0.25456806366207213,
      "camera_y": -0.2721073412654526,
      "camera_z": 0.819,
      "yaw": -0.679908242125824,
      "image_yaw": -0.46060497854882015,
      "robot_pickable": true
    },
    {
      "object_id": "9e76b0dd-b1e7-4477-96eb-37fd0c1a55fe",
      "class_id": 0,
      "class_name": "Bootje",
      "confidence": 0.424560546875,
      "x": 0.9101594604373463,
      "y": 0.6037522376629353,
      "z": 0.1914970228989869,
      "camera_x": -0.1831685354003438,
      "camera_y": -0.22663292556828157,
      "camera_z": 0.762,
      "yaw": 1.511762606029756,
      "image_yaw": -1.5237308754221668,
      "robot_pickable": true
    }
  ]
}