{
  "id": "8fcb7325-4e51-4d9d-9db9-b1d9600517a3",
  "objects": [
    {
      "object_id": "621fb305-70ce-4a5a-80bf-4be11c0b5c78",
      "class_id": 1,
      "class_name": "Dino",
      "confidence": 0.93359375,
      "x": 0.8213741436546869,
      "y": 0.26469491547014035,
      "z": 0.19940960964930568,
      "camera_x": -0.08243667107299008,
      "camera_y": 0.11402984378670916,
      "camera_z": 0.75,
      "yaw": 1.4810662169658058,
      "image_yaw": -1.569825107048707,
      "robot_pickable": true
    },
    {
      "object_id": "4043d64d-3cd0-43c6-9033-371aee416907",
      "class_id": 0,
      "class_name": "Bootje",
      "confidence": 0.703125,
      "x": 0.9174142066988729,
      "y": 0.6136938015022182,
      "z": 0.2620679669585514,
      "camera_x": -0.19095044070643885,
      "camera_y": -0.23679026353582497,
      "camera_z": 0.76,
      "yaw": -0.3425775408524414,
      "image_yaw": -0.22082054392745865,
      "robot_pickable": true
    },
    {
      "object_id": "f201e06d-68a6-456b-982e-ac210b7094ea",
      "class_id": 3,
      "class_name": "Smiley",
      "confidence": 0.478515625,
      "x": 0.5815412642658582,
      "y": 0.6581772553936858,
      "z": -0.0352964939062099,
      "camera_x": 0.25456806366207213,
      "camera_y": -0.2721073412654526,
      "camera_z": 0.819,
      "yaw": -0.8124443927822265,
      "image_yaw": -0.5668870139471096,
      "robot_pickable": true
    }
  ]
}