{
  "id": "90af9cd8-6420-46dd-8e1f-e087036e9c14",
  "objects": [
    {
      "object_id": "017ca2c4-b3c6-4d38-8509-6d691ba2d0b1",
      "class_id": 1,
      "class_name": "Dino",
      "confidence": 0.90380859375,
      "x": 0.7359071311734006,
      "y": 0.25198211475734866,
      "z": 0.09170587567776392,
      "camera_x": 0.054985974195503134,
      "camera_y": 0.12892861630689564,
      "camera_z": 0.756,
      "yaw": 1.6993129590806777,
      "image_yaw": -1.5721030562956881,
      "robot_pickable": true
    },
    {
      "object_id": "a907b81f-10e7-4828-b358-42a2f75b9c4f",
      "class_id": 3,
      "class_name": "Smiley",
      "confidence": 0.216552734375,
      "x": 0.6488532971978781,
      "y": 0.6598171694063295,
      "z": -0.08357688985107217,
      "camera_x": 0.25456806366207213,
      "camera_y": -0.2721073412654526,
      "camera_z": 0.819,
      "yaw": 3.027964722244491,
      "image_yaw": -0.04356321596406935,
      "robot_pickable": true
    },
    {
      "object_id": "f5778e9f-d421-49b0-96f0-d4b56d50bc9b",
      "class_id": 1,
      "class_name": "Dino",
      "confidence": 0.18701171875,
      "x": 0.7280707628731152,
      "y": 0.25214813268830877,
      "z": 0.083090179143152,
      "camera_x": 0.06622895868874398,
      "camera_y": 0.12841699481361432,
      "camera_z": 0.753,
      "yaw": 1.6916740094932752,
      "image_yaw": -1.5889778365748684,
      "robot_pickable": true
    }
  ]
}