{
  "id": "98b010e2-ef5f-4357-8e43-068c7ba9c64d",
  "objects": [
    {
      "object_id": "be0d4b03-f6ca-49b4-9e35-a7fbd81f66fa",
      "class_id": 0,
      "class_name": "Bootje",
      "confidence": 0.93359375,
      "x": 0.7039730967053252,
      "y": 0.3869329473222475,
      "z": -0.10701284548447129,
      "camera_x": -0.029700599165524928,
      "camera_y": 0.08603622546325548,
      "camera_z": 0.731,
      "yaw": 1.3703420371399693,
      "image_yaw": -1.5680869383680502,
      "robot_pickable": false
    },
    {
      "object_id": "127f4c5a-3b5d-4ca3-9b94-fa118017acd1",
      "class_id": 3,
      "class_name": "Smiley",
      "confidence": 0.01995849609375,
      "x": 0.4231146842066229,
      "y": 0.250624065199964,
      "z": 0.09340074032049508,
      "camera_x": 0.30231934212632666,
      "camera_y": 0.2486059741143432,
      "camera_z": 0.762,
      "yaw": 2.4165222730471605,
      "image_yaw": -0.45482203587500325,
      "robot_pickable": false
    },
    {
      "object_id": "7098e778-6a45-4d9b-b77b-e84470796fab",
      "class_id": 3,
      "class_name": "Smiley",
      "confidence": 0.0111541748046875,
      "x": 0.530853931070927,
      "y": 0.4903063067585598,
      "z": 0.0772770354956345,
      "camera_x": 0.22739096903059747,
      "camera_y": -0.003624148979523167,
      "camera_z": 0.753,
      "yaw": 2.5504993537674627,
      "image_yaw": -0.35898059779304947,
      "robot_pickable": false
    }
  ]
}