{
  "id": "996264ce-b008-473e-a695-21f2d2dec665",
  "objects": [
    {
      "object_id": "ada73a6d-efa8-452c-bada-bac9f451d443",
      "class_id": 1,
      "class_name": "Dino",
      "confidence": 0.92431640625,
      "x": 0.7863398924196332,
      "y": 0.3424513105346595,
      "z": -0.011399735054208687,
      "camera_x": -0.01794843636125234,
      "camera_y": 0.03553121665350492,
      "camera_z": 0.747,
      "yaw": 1.4785526354563654,
      "image_yaw": -1.5719923111514518,
      "robot_pickable": false
    },
    {
      "object_id": "69976c86-a5c8-4a52-b002-644983e2f481",
      "class_id": 3,
      "class_name": "Smiley",
      "confidence": 0.388427734375,
      "x": 0.586198980094265,
      "y": 0.6564945333432305,
      "z": 0.17263438632335928,
      "camera_x": 0.25363557991239416,
      "camera_y": -0.27111061107766704,
      "camera_z": 0.816,
      "yaw": 3.014746697456522,
      "image_yaw": -0.0764267054032504,
      "robot_pickable": false
    }
  ]
}