{
  "id": "9deec97f-9392-4f4b-809f-bea7108511a3",
  "objects": [
    {
      "object_id": "1f721c2b-a2f1-4a52-840c-39afaa3aa63f",
      "class_id": 1,
      "class_name": "Dino",
      "confidence": 0.91845703125,
      "x": 0.7861964738036994,
      "y": 0.31019658060472893,
      "z": -0.023199879865140688,
      "camera_x": -0.02702584261893938,
      "camera_y": 0.06841331337716332,
      "camera_z": 0.751,
      "yaw": 1.4797893143937622,
      "image_yaw": -1.5700789999128726,
      "robot_pickable": true
    },
    {
      "object_id": "fe43f2ee-a93f-4a15-b120-4707bd5b56a1",
      "class_id": 3,
      "class_name": "Smiley",
      "confidence": 0.478515625,
      "x": 0.5834164175060975,
      "y": 0.6578345009900484,
      "z": 0.17148337409098777,
      "camera_x": 0.25456806366207213,
      "camera_y": -0.2721073412654526,
      "camera_z": 0.819,
      "yaw": 3.102178680604177,
      "image_yaw": -0.020019642910391523,
      "robot_pickable": true
    },
    {
      "object_id": "aad2f7e5-0c8b-487c-b9c3-0f6115ad556c",
      "class_id": 0,
      "class_name": "Bootje",
      "confidence": 0.42626953125,
      "x": 0.9055783349351771,
      "y": 0.6213964645514414,
      "z": -0.19647290878321363,
      "camera_x": -0.23463472251410072,
      "camera_y": -0.2394348506173334,
      "camera_z": 0.808,
      "yaw": 1.5114562914698837,
      "image_yaw": -1.5212430012401121,
      "robot_pickable": true
    }
  ]
}