{
  "id": "a5cab4ab-ddb9-43de-a5f1-5f8fa43075be",
  "objects": [
    {
      "object_id": "74e9f0a0-230b-461e-ae63-19639e6dd343",
      "class_id": 1,
      "class_name": "Dino",
      "confidence": 0.89501953125,
      "x": 0.8566599212715388,
      "y": 0.4872265468474506,
      "z": -0.07750983542693998,
      "camera_x": -0.1130566865952104,
      "camera_y": -0.11004948816648404,
      "camera_z": 0.753,
      "yaw": 1.4831731922328488,
      "image_yaw": -1.564845727464226,
      "robot_pickable": true
    },
    {
      "object_id": "9af0275f-83af-478e-8034-f1bf5abd4946",
      "class_id": 3,
      "class_name": "Smiley",
      "confidence": 0.38671875,
      "x": 0.5825702090116477,
      "y": 0.6591676207699149,
      "z": 0.17116235005673977,
      "camera_x": 0.2548788915786314,
      "camera_y": -0.2733319716588377,
      "camera_z": 0.82,
      "yaw": -3.089098533018097,
      "image_yaw": 0.03998099496124186,
      "robot_pickable": true
    }
  ]
}