{
  "id": "aea7fa50-5e52-4020-9e52-271e921b820b",
  "objects": [
    {
      "object_id": "1469a45d-5377-45a6-b0a4-afe82c7808da",
      "class_id": 1,
      "class_name": "Dino",
      "confidence": 0.94140625,
      "x": 0.8243382342071712,
      "y": 0.26812412130813673,
      "z": -0.0696118450503301,
      "camera_x": -0.08732903709612914,
      "camera_y": 0.11076501330820944,
      "camera_z": 0.75,
      "yaw": 1.4863305720071267,
      "image_yaw": -1.5622201929557797,
      "robot_pickable": true
    },
    {
      "object_id": "28391284-ed78-462a-a691-64e00d58c160",
      "class_id": 0,
      "class_name": "Bootje",
      "confidence": 0.8251953125,
      "x": 0.9109821222458674,
      "y": 0.6035358824060976,
      "z": -0.12233444159574611,
      "camera_x": -0.18351404435126747,
      "camera_y": -0.22603808849329918,
      "camera_z": 0.76,
      "yaw": 1.5185642630398946,
      "image_yaw": -1.5137832781385556,
      "robot_pickable": true
    },
    {
      "object_id": "847044d8-e1ad-4b35-a401-bd7ed4e10d95",
      "class_id": 3,
      "class_name": "Smiley",
      "confidence": 0.46875,
      "x": 0.5805520434897173,
      "y": 0.6572341298745106,
      "z": 0.16998690672561992,
      "camera_x": 0.25456806366207213,
      "camera_y": -0.2721073412654526,
      "camera_z": 0.819,
      "yaw": -0.7731655084643707,
      "image_yaw": -0.5379599613255475,
      "robot_pickable": true
    }
  ]
}