{
  "id": "af8d04ef-5e8b-4068-974c-8a5b94b752f0",
  "objects": [
    {
      "object_id": "d72141b3-025d-4fbf-b318-75bed2cd0b1e",
      "class_id": 1,
      "class_name": "Dino",
      "confidence": 0.900390625,
      "x": 0.7951087893677131,
      "y": 0.34692527294486303,
      "z": -0.010960759173223783,
      "camera_x": -0.022882333945520538,
      "camera_y": 0.03155075037231834,
      "camera_z": 0.749,
      "yaw": 1.4876702007392308,
      "image_yaw": -1.5592643241428557,
      "robot_pickable": false
    },
    {
      "object_id": "783d5085-41c9-4e33-8799-d17f2a8bbef1",
      "class_id": 3,
      "class_name": "Smiley",
      "confidence": 0.451416015625,
      "x": 0.589427148330228,
      "y": 0.6572511350244928,
      "z": 0.1774560441746004,
      "camera_x": 0.25398739376997054,
      "camera_y": -0.2724395846613811,
      "camera_z": 0.82,
      "yaw": 3.1152074396863263,
      "image_yaw": -0.016891723056762783,
      "robot_pickable": false
    }
  ]
}