{
  "id": "b325a26c-0523-45f8-b6d9-90b96cdaecf4",
  "objects": [
    {
      "object_id": "39afe330-95a0-4740-9b0d-e6c9fffe9329",
      "class_id": 1,
      "class_name": "Dino",
      "confidence": 0.91748046875,
      "x": 0.7601700850798039,
      "y": 0.3095982636850384,
      "z": 0.17203307207106058,
      "camera_x": -0.026989856144080605,
      "camera_y": 0.06832221708771302,
      "camera_z": 0.75,
      "yaw": 1.713829065045906,
      "image_yaw": -1.5632686709445733,
      "robot_pickable": false
    },
    {
      "object_id": "b97aa3c0-fd31-4185-a804-3604014c804f",
      "class_id": 3,
      "class_name": "Smiley",
      "confidence": 0.35205078125,
      "x": 0.6437717530691244,
      "y": 0.6587956833332629,
      "z": -0.07969511205686156,
      "camera_x": 0.2539464078289535,
      "camera_y": -0.27144285447359556,
      "camera_z": 0.817,
      "yaw": 3.087821600762075,
      "image_yaw": -0.013813129813080048,
      "robot_pickable": false
    }
  ]
}