{
  "id": "b4c58792-162b-4e8b-adb6-3590b07d2864",
  "objects": [
    {
      "object_id": "ff481187-d993-4a9b-af08-cb0aa8c23e03",
      "class_id": 1,
      "class_name": "Dino",
      "confidence": 0.94140625,
      "x": 0.8225109119209353,
      "y": 0.2678946418154079,
      "z": -0.07123158702644564,
      "camera_x": -0.08744547581225731,
      "camera_y": 0.11091269999262039,
      "camera_z": 0.751,
      "yaw": 1.4807910919308538,
      "image_yaw": 1.5707963267948966,
      "robot_pickable": true
    },
    {
      "object_id": "50fa4dc1-53e4-42b1-8508-cdd5cb3fdb01",
      "class_id": 0,
      "class_name": "Bootje",
      "confidence": 0.8525390625,
      "x": 0.9079156659783576,
      "y": 0.604071932814685,
      "z": -0.12519278116615676,
      "camera_x": -0.1831685354003438,
      "camera_y": -0.22663292556828157,
      "camera_z": 0.762,
      "yaw": 1.5251402094537996,
      "image_yaw": -1.5039573707564384,
      "robot_pickable": true
    },
    {
      "object_id": "92a2017b-fec2-486e-b4a1-8eda3243605e",
      "class_id": 3,
      "class_name": "Smiley",
      "confidence": 0.4921875,
      "x": 0.5805118875313796,
      "y": 0.6574856676775982,
      "z": 0.16824418588062243,
      "camera_x": 0.2536776530458608,
      "camera_y": -0.2721073412654526,
      "camera_z": 0.819,
      "yaw": -0.9432227867617202,
      "image_yaw": -0.6823965348414026,
      "robot_pickable": true
    }
  ]
}