{
  "id": "d0240dc0-bdc1-4f32-a8be-8d5d06f33067",
  "objects": [
    {
      "object_id": "30c022c4-dd90-4f2c-aa1d-a262626dacc8",
      "class_id": 1,
      "class_name": "Dino",
      "confidence": 0.9375,
      "x": 0.8234763561300201,
      "y": 0.26813803181550044,
      "z": -0.070497226789319,
      "camera_x": -0.08744547581225731,
      "camera_y": 0.11091269999262039,
      "camera_z": 0.751,
      "yaw": 1.4807478694759204,
      "image_yaw": 1.5707963267948966,
      "robot_pickable": true
    },
    {
      "object_id": "5d5f8146-a9a2-4317-acbc-6e5f64fcce8f",
      "class_id": 0,
      "class_name": "Bootje",
      "confidence": 0.822265625,
      "x": 0.9107557055412228,
      "y": 0.6035944514269204,
      "z": -0.1224328545438925,
      "camera_x": -0.18351404435126747,
      "camera_y": -0.22603808849329918,
      "camera_z": 0.76,
      "yaw": 1.5225822229196435,
      "image_yaw": -1.5079167597761691,
      "robot_pickable": true
    },
    {
      "object_id": "0fcccb5e-d10e-4fdd-9d8b-a259b7ea15e8",
      "class_id": 3,
      "class_name": "Smiley",
      "confidence": 0.401611328125,
      "x": 0.5821907337076111,
      "y": 0.6563247430979472,
      "z": 0.17073401878888242,
      "camera_x": 0.2539464078289535,
      "camera_y": -0.27144285447359556,
      "camera_z": 0.817,
      "yaw": -0.26063541257335165,
      "image_yaw": -0.17014839992431055,
      "robot_pickable": true
    }
  ]
}