{
  "id": "d1cff6fa-05ae-4975-9b57-9c3521bb5405",
  "objects": [
    {
      "object_id": "81e42a2b-15bf-4166-869f-9a3215b962aa",
      "class_id": 1,
      "class_name": "Dino",
      "confidence": 0.9248046875,
      "x": 0.7870851616454112,
      "y": 0.34238380320249634,
      "z": -0.010734260558114078,
      "camera_x": -0.017924409003339015,
      "camera_y": 0.0354836514371013,
      "camera_z": 0.746,
      "yaw": 1.4790267864693412,
      "image_yaw": -1.571258688452476,
      "robot_pickable": false
    },
    {
      "object_id": "e951f4fa-4cfb-4e99-893f-1a33a29aecd3",
      "class_id": 3,
      "class_name": "Smiley",
      "confidence": 0.357421875,
      "x": 0.5852714592315426,
      "y": 0.656941189225503,
      "z": 0.17225071557923546,
      "camera_x": 0.2539464078289535,
      "camera_y": -0.27144285447359556,
      "camera_z": 0.817,
      "yaw": 3.0069180615189026,
      "image_yaw": -0.08146322942518647,
      "robot_pickable": false
    }
  ]
}