{
  "id": "e483e12c-2870-467b-8e59-41f141985c10",
  "objects": [
    {
      "object_id": "6709c8ed-b266-4ed2-b466-d915695afa3b",
      "class_id": 0,
      "class_name": "Bootje",
      "confidence": 0.8828125,
      "x": 0.8961793770873929,
      "y": 0.7267655834358178,
      "z": -0.2914338231519409,
      "camera_x": -0.27951462707253977,
      "camera_y": -0.256613544081797,
      "camera_z": 0.806,
      "yaw": -2.7031729297881375,
      "image_yaw": 0.39564320685861426,
      "robot_pickable": false
    }
  ]
}