{
  "id": "eb84e932-559b-45dc-b1c7-1eab5ea04a6e",
  "objects": [
    {
      "object_id": "ce602f3d-998c-4f40-a43a-e78e86beb741",
      "class_id": 1,
      "class_name": "Dino",
      "confidence": 0.94140625,
      "x": 0.8237903518728684,
      "y": 0.26810842000679763,
      "z": -0.07001994089516098,
      "camera_x": -0.08732903709612914,
      "camera_y": 0.11076501330820944,
      "camera_z": 0.75,
      "yaw": 1.4806122658477816,
      "image_yaw": 1.5707963267948966,
      "robot_pickable": true
    },
    {
      "object_id": "2f91d24c-10e4-499f-b442-f32795085c74",
      "class_id": 0,
      "class_name": "Bootje",
      "confidence": 0.80615234375,
      "x": 0.9103559194543129,
      "y": 0.6034932221268745,
      "z": -0.12304184221874284,
      "camera_x": -0.18351404435126747,
      "camera_y": -0.22603808849329918,
      "camera_z": 0.76,
      "yaw": 1.5322754463314656,
      "image_yaw": -1.4931454022081754,
      "robot_pickable": true
    },
    {
      "object_id": "8e799c60-0554-4c38-882f-3a33cd224d4a",
      "class_id": 3,
      "class_name": "Smiley",
      "confidence": 0.513671875,
      "x": 0.580262580738921,
      "y": 0.6573481370696174,
      "z": 0.16963091921393866,
      "camera_x": 0.25456806366207213,
      "camera_y": -0.2721073412654526,
      "camera_z": 0.819,
      "yaw": -0.7508782734867272,
      "image_yaw": -0.5191058507099201,
      "robot_pickable": true
    }
  ]
}