{
  "id": "f17ead1a-afa7-4868-9c00-a61a2a79247b",
  "objects": [
    {
      "object_id": "2da4c867-b2e3-4493-a2cf-9f803628b474",
      "class_id": 1,
      "class_name": "Dino",
      "confidence": 0.89892578125,
      "x": 0.794368481371781,
      "y": 0.34700163339528667,
      "z": -0.011630700143635403,
      "camera_x": -0.022912884458131378,
      "camera_y": 0.03159287420459113,
      "camera_z": 0.75,
      "yaw": 1.4806379627178539,
      "image_yaw": -1.5701322307598848,
      "robot_pickable": true
    },
    {
      "object_id": "58acb01d-02a7-4948-9e57-d8f0a46c61f5",
      "class_id": 0,
      "class_name": "Bootje",
      "confidence": 0.619140625,
      "x": 0.9074582394455165,
      "y": 0.5973832598137645,
      "z": -0.11721066366642705,
      "camera_x": -0.17654101022766475,
      "camera_y": -0.2191695230944312,
      "camera_z": 0.762,
      "yaw": 1.4829913159239925,
      "image_yaw": -1.5664936406233727,
      "robot_pickable": true
    },
    {
      "object_id": "3725d1e8-29c0-45f9-a41f-e84da0f109e7",
      "class_id": 3,
      "class_name": "Smiley",
      "confidence": 0.474609375,
      "x": 0.5895076413074741,
      "y": 0.6581372664815551,
      "z": 0.17752420922905202,
      "camera_x": 0.25398739376997054,
      "camera_y": -0.2733319716588377,
      "camera_z": 0.82,
      "yaw": 3.049801046816564,
      "image_yaw": -0.059172135272305026,
      "robot_pickable": true
    }
  ]
}