{
  "id": "f44e39a1-e14b-448a-8757-22f8a423cb95",
  "objects": [
    {
      "object_id": "2d918ecc-3c40-458a-aa42-93d6934ff7c0",
      "class_id": 1,
      "class_name": "Dino",
      "confidence": 0.94140625,
      "x": 0.8229120919819755,
      "y": 0.26793645051696674,
      "z": -0.07093860471656063,
      "camera_x": -0.08744547581225731,
      "camera_y": 0.11091269999262039,
      "camera_z": 0.751,
      "yaw": 1.4809337386142774,
      "image_yaw": 1.5707963267948966,
      "robot_pickable": true
    },
    {
      "object_id": "7b560ee3-7356-49b3-9389-bf23c1622385",
      "class_id": 3,
      "class_name": "Smiley",
      "confidence": 0.44921875,
      "x": 0.5802439872692879,
      "y": 0.6575372493742903,
      "z": 0.16911351811092493,
      "camera_x": 0.25456806366207213,
      "camera_y": -0.2721073412654526,
      "camera_z": 0.819,
      "yaw": -0.5118321333124243,
      "image_yaw": -0.3387395747562923,
      "robot_pickable": true
    },
    {
      "object_id": "32d40006-00be-41e3-9755-639e1d86f337",
      "class_id": 0,
      "class_name": "Bootje",
      "confidence": 0.1595458984375,
      "x": 0.9089362816411264,
      "y": 0.6037111663825788,
      "z": -0.12119813438741675,
      "camera_x": -0.1807970412957285,
      "camera_y": -0.22656667206686845,
      "camera_z": 0.759,
      "yaw": 1.53660712619062,
      "image_yaw": -1.4870211840742265,
      "robot_pickable": true
    }
  ]
}