{
  "id": "f7b92a8e-63da-482d-959c-d5e1f19c130e",
  "objects": [
    {
      "object_id": "47e2208c-3fc8-4f9c-9caa-43107a691462",
      "class_id": 1,
      "class_name": "Dino",
      "confidence": 0.9404296875,
      "x": 0.8232775214222602,
      "y": 0.26810485665059225,
      "z": -0.07065918664378326,
      "camera_x": -0.08744547581225731,
      "camera_y": 0.11091269999262039,
      "camera_z": 0.751,
      "yaw": 1.481891214004452,
      "image_yaw": -1.5686865305216133,
      "robot_pickable": true
    },
    {
      "object_id": "35ced293-fc7b-41e9-8c7a-5604788908f5",
      "class_id": 0,
      "class_name": "Bootje",
      "confidence": 0.83251953125,
      "x": 0.910036416469736,
      "y": 0.6035425726709357,
      "z": -0.12206310483651131,
      "camera_x": -0.18268777808958175,
      "camera_y": -0.22603808849329918,
      "camera_z": 0.76,
      "yaw": 1.5305661659170045,
      "image_yaw": -1.4955499642132184,
      "robot_pickable": true
    },
    {
      "object_id": "697be06f-0b1e-479c-b4e9-21c3d5a1ad55",
      "class_id": 3,
      "class_name": "Smiley",
      "confidence": 0.462890625,
      "x": 0.5809991040066677,
      "y": 0.6572502845010324,
      "z": 0.16925818555961078,
      "camera_x": 0.2536776530458608,
      "camera_y": -0.2721073412654526,
      "camera_z": 0.819,
      "yaw": -1.0734814950641187,
      "image_yaw": -0.8103723287194612,
      "robot_pickable": true
    }
  ]
}