{
  "id": "ff7d826a-d804-421b-8a11-7a1d26861689",
  "objects": [
    {
      "object_id": "903d5033-c4c7-41d3-9f3e-b25387ccb487",
      "class_id": 1,
      "class_name": "Dino",
      "confidence": 0.94287109375,
      "x": 0.7935842006767911,
      "y": 0.2670502758031407,
      "z": 0.22218656960664337,
      "camera_x": -0.08732903709612914,
      "camera_y": 0.11076501330820944,
      "camera_z": 0.75,
      "yaw": -1.4311593969473893,
      "image_yaw": 1.5707963267948966,
      "robot_pickable": true
    },
    {
      "object_id": "7248bdf4-ca13-4cdb-9b6d-18d9864154b8",
      "class_id": 0,
      "class_name": "Bootje",
      "confidence": 0.94140625,
      "x": 0.8552398204685527,
      "y": 0.6221140236430369,
      "z": 0.3503713407819148,
      "camera_x": -0.22560623991664505,
      "camera_y": -0.24174942784762504,
      "camera_z": 0.804,
      "yaw": 1.7538449849238056,
      "image_yaw": -1.4741615840210558,
      "robot_pickable": true
    },
    {
      "object_id": "2f835e88-05c3-43c0-8932-ac005e008000",
      "class_id": 3,
      "class_name": "Smiley",
      "confidence": 0.369873046875,
      "x": 0.6437717530691244,
      "y": 0.6587956833332629,
      "z": -0.07969511205686156,
      "camera_x": 0.2539464078289535,
      "camera_y": -0.27144285447359556,
      "camera_z": 0.817,
      "yaw": 3.0136853600713116,
      "image_yaw": -0.04909768805542033,
      "robot_pickable": true
    },
    {
      "object_id": "4285aff7-66f1-41e7-869f-1a5e6666f121",
      "class_id": 0,
      "class_name": "Bootje",
      "confidence": 0.1925048828125,
      "x": 1.0087047326122545,
      "y": 0.521651682979017,
      "z": 0.32513588336232147,
      "camera_x": -0.2742701137736547,
      "camera_y": -0.11922262733699046,
      "camera_z": 0.934,
      "yaw": -1.4311593969473893,
      "image_yaw": 1.5707963267948966,
      "robot_pickable": true
    }
  ]
}